,studio,domestic_gross
0,BV,415000000.0
1,BV,334200000.0
2,WB,296000000.0
3,WB,292600000.0
4,P/DW,238700000.0
5,Sum.,300500000.0
6,Par.,312400000.0
7,BV,200800000.0
8,Uni.,251500000.0
9,P/DW,217600000.0
10,WB,163200000.0
11,Fox,104400000.0
12,Wein.,135500000.0
13,BV,172100000.0
14,Sony,176600000.0
15,BV,90800000.0
16,FoxS,107000000.0
17,P/DW,148400000.0
18,Uni.,105300000.0
19,Par.,131800000.0
20,Uni.,148400000.0
21,SGem,60100000.0
22,Par.,128000000.0
23,Sony,118300000.0
24,WB (NL),95300000.0
25,Sony,67600000.0
26,LGF,103100000.0
27,Sony,162000000.0
28,Fox,76400000.0
29,Par.,171200000.0
30,Fox,42800000.0
31,Fox,88800000.0
32,Sony,97000000.0
33,WB (NL),110500000.0
34,BV,63200000.0
35,WB,100500000.0
36,Sony,80600000.0
37,WB,100200000.0
38,Sum.,90400000.0
39,Par.,84800000.0
40,Fox,77200000.0
41,Par.,117200000.0
42,Sony,119200000.0
43,Fox,81600000.0
44,BV,42400000.0
45,WB,94800000.0
46,WB,92200000.0
47,Fox,98700000.0
48,WB,55700000.0
49,Uni.,62000000.0
50,Sony,67099999.0
51,LGF,45700000.0
52,Fox,52500000.0
53,Par.,93600000.0
54,Fox,52000000.0
55,WB (NL),63100000.0
56,SGem,80000000.0
57,WB,43600000.0
58,Fox,60000000.0
59,WB,53400000.0
60,WB,32700000.0
61,MBox,10100000.0
62,Fox,32400000.0
63,CL,63000.0
64,LGF,47100000.0
65,LGF,48100000.0
66,Uni.,35100000.0
67,Uni.,29000000.0
68,Uni.,61000000.0
69,SGem,39400000.0
70,BV,63000000.0
71,P/DW,73000000.0
72,Fox,33600000.0
73,W/Dim.,25000000.0
74,BV,19400000.0
75,WB,43300000.0
76,Fox,36700000.0
77,Sum.,53000000.0
78,CBS,37500000.0
79,CL,427000.0
80,Fox,64000000.0
81,SGem,58400000.0
82,WB,52400000.0
83,SGem,57700000.0
84,BV,48500.0
85,SGem,40200000.0
86,Focus,35600000.0
87,LGF,41000000.0
88,LGF,21100000.0
89,MBox,7600000.0
90,Uni.,21400000.0
91,MGM,50300000.0
92,Uni.,33600000.0
93,FoxS,18300000.0
94,LGF,60100000.0
95,BV,59700000.0
96,Sum.,15500000.0
97,Par.,31000000.0
98,Sum.,19100000.0
99,WB,44900000.0
100,Over.,39100000.0
101,LGF,24100000.0
102,LGF,30100000.0
103,LGF,25100000.0
104,Mira.,27800000.0
105,Par.,32000000.0
106,SGem,42700000.0
107,Sony,30200000.0
108,Uni.,31200000.0
109,Uni.,31500000.0
110,IFC,504000.0
111,LGF,24300000.0
112,IFC,128000.0
113,Fox,26600000.0
114,MBox,5200000.0
115,CJ,528000.0
116,BV,32700000.0
117,FoxS,4000000.0
118,WB (NL),17800000.0
119,Wein.,658000.0
120,NM,619000.0
121,LGF,37700000.0
122,Over.,27200000.0
123,Sum.,17600000.0
124,CBS,23200000.0
125,Focus,20800000.0
126,SPC,3200000.0
127,SPC,6400000.0
128,Fox,10700000.0
129,Uni.,25900000.0
130,BV,25700000.0
131,MBox,552000.0
132,WB,23600000.0
133,ParV,13300000.0
134,Fox,26200000.0
135,WB,17000000.0
136,Sum.,9500000.0
137,Over.,12100000.0
138,Gold.,4800000.0
139,FoxS,21500000.0
140,FoxS,20300000.0
141,Uni.,14700000.0
142,JS,177000.0
143,RAtt.,2000000.0
144,SGem,20200000.0
145,SPC,3200000.0
146,W/Dim.,15300000.0
147,LGF,1000000.0
148,Magn.,27800.0
149,Uni.,13800000.0
150,SPC,2100000.0
151,IFC,277000.0
152,Magn.,552000.0
153,SPC,1300000.0
154,Free,195000.0
155,3D,6100000.0
156,UTV,848000.0
157,CBS,12100000.0
158,Focus,1800000.0
159,RAtt.,6500000.0
160,SPC,6600000.0
161,UTV,1500000.0
162,SPC,1100000.0
163,Wein.,9700000.0
164,SPC,560000.0
165,SPC,3100000.0
166,IFC,55800.0
167,Rela.,5700000.0
168,Magn.,5000000.0
169,WB,10500000.0
170,Gold.,1800000.0
171,FoxS,7500000.0
172,FoxS,6800000.0
173,SPC,9200000.0
174,Focus,7300000.0
175,Over.,1800000.0
176,UTV,758000.0
177,FoxS,2400000.0
178,Zeit.,675000.0
179,Uni.,8500000.0
180,Anch.,6700000.0
181,SPC,4300000.0
182,RAtt.,1500000.0
183,Magn.,124000.0
184,SPC,1000000.0
185,Wein.,1500000.0
186,Focus,6400000.0
187,ParV,6400000.0
188,Focus,4200000.0
189,SPC,1600000.0
190,IFC,619000.0
191,SPC,2200000.0
192,PDA,3300000.0
193,Lorb.,532000.0
194,Anch.,4400000.0
195,LGF,2200000.0
196,Zeit.,435000.0
197,SPC,1100000.0
198,App.,3600000.0
199,Drft.,305000.0
200,SPC,404000.0
201,SPC,4000000.0
202,Magn.,237000.0
203,Osci.,236000.0
204,IFC,217000.0
205,IW,1000000.0
206,Gold.,3800000.0
207,IFC,108000.0
208,Rog.,3200000.0
209,Free,109000.0
210,,96900.0
211,Anch.,246000.0
212,Eros,1300000.0
213,Relbig.,1600000.0
214,Viv.,2800000.0
215,Hann.,184000.0
216,UTV,1100000.0
217,IFC,375000.0
218,Eros,1200000.0
219,Eros,1100000.0
220,Anch.,109000.0
221,IFC,1600000.0
222,WB,1800000.0
223,UTV,1000000.0
224,Magn.,550000.0
225,Eros,855000.0
226,Strand,67500.0
227,NGE,1300000.0
228,Relbig.,709000.0
229,Scre.,493000.0
230,UTV,
231,Kino,622000.0
232,Lorb.,37000.0
233,SPC,368000.0
234,Osci.,617000.0
235,Kino,23700.0
236,Abr.,246000.0
237,CZ,915000.0
238,ATO,1000000.0
239,IFC,176000.0
240,Eros,542000.0
241,UTV,638000.0
242,First,70100.0
243,MBox,711000.0
244,NM,341000.0
245,IFC,81800.0
246,IFC,146000.0
247,Strand,34500.0
248,Anch.,167000.0
249,Relbig.,428000.0
250,Eros,527000.0
251,IFC,281000.0
252,IFC,336000.0
253,GK,677000.0
254,WB,673000.0
255,Eros,285000.0
256,Magn.,582000.0
257,Over.,542000.0
258,FInd.,303000.0
259,NFC,139000.0
260,Anch.,93100.0
261,Magn.,409000.0
262,Lorb.,11700.0
263,TFC,109000.0
264,IFC,144000.0
265,Pala.,115000.0
266,Magn.,453000.0
267,IFC,392000.0
268,Kino,110000.0
269,Par.,366000.0
270,Mira.,278000.0
271,Magn.,20900.0
272,Scre.,225000.0
273,Strand,21100.0
274,Gold.,159000.0
275,SPC,191000.0
276,Strand,208000.0
277,MBox,275000.0
278,Imag.,39000.0
279,Eros,286000.0
280,Zeit.,288000.0
281,NAV,26300.0
282,Arth.,188000.0
283,CLS,199000.0
284,IFC,181000.0
285,Mont.,128000.0
286,Olive,2200.0
287,CGld,207000.0
288,Free,17400.0
289,UTV,169000.0
290,Magn.,189000.0
291,Magn.,177000.0
292,IFC,800.0
293,CGld,33200.0
294,Strand,10800.0
295,Magn.,133000.0
296,Magn.,102000.0
297,FOAK,107000.0
298,Sony,
299,Magn.,101000.0
300,IVP,103000.0
301,Yash,43800.0
302,Scre.,
303,Osci.,81700.0
304,BV,80700.0
305,ICir,73200.0
306,Yash,
307,IFC,5000.0
308,FM,61600.0
309,First,2000.0
310,IFC,4100.0
311,Vita.,52600.0
312,Magn.,36100.0
313,WOW,30800.0
314,IFC,2600.0
315,FM,10000.0
316,Mont.,37200.0
317,Strand,33500.0
318,IFC,21800.0
319,Truly,32200.0
320,Kino,18000.0
321,Strand,12000.0
322,Osci.,7400.0
323,Strand,11400.0
324,Abr.,11400.0
325,Indic.,10800.0
326,Lorb.,4400.0
327,Relbig.,
328,WB,381000000.0
329,P/DW,352400000.0
330,BV,241100000.0
331,Sum.,281300000.0
332,Par.,209400000.0
333,P/DW,165200000.0
334,Uni.,209800000.0
335,WB,254500000.0
336,Sony,142600000.0
337,BV,191500000.0
338,P/DW,149300000.0
339,WB,186800000.0
340,Fox,143600000.0
341,Fox,176800000.0
342,Par.,181000000.0
343,Par.,77600000.0
344,Par.,176700000.0
345,Fox,146400000.0
346,Fox,133100000.0
347,BV,85500000.0
348,Uni.,169100000.0
349,Par.,127000000.0
350,Par.,123500000.0
351,Sony,102500000.0
352,Sony,98800000.0
353,Rela.,83500000.0
354,WB,116600000.0
355,BV,169700000.0
356,Sony,100300000.0
357,Sony,103000000.0
358,Sony,83600000.0
359,WB (NL),117500000.0
360,Par.,104000000.0
361,BV,100000000.0
362,Fox,68200000.0
363,Par.,73900000.0
364,BV,94200000.0
365,Uni.,108100000.0
366,BV,79900000.0
367,FoxS,82600000.0
368,Uni.,100200000.0
369,Fox,37500000.0
370,Sony,80400000.0
371,BV,88600000.0
372,Rela.,79200000.0
373,Uni.,8300000.0
374,WB (NL),42600000.0
375,Uni.,78000000.0
376,SPC,56800000.0
377,WB,64000000.0
378,BV,55100000.0
379,Sony,74200000.0
380,SGem,55800000.0
381,Par.,70700000.0
382,Sony,46500000.0
383,Sum.,54700000.0
384,WB,84400000.0
385,WB (NL),54500000.0
386,WB,75700000.0
387,Wein.,44700000.0
388,Sum.,20400000.0
389,WB,63700000.0
390,Uni.,62500000.0
391,Fox,75600000.0
392,Fox,58700000.0
393,Wein.,30000000.0
394,Sony,75600000.0
395,Uni.,23200000.0
396,Par.,73000000.0
397,Uni.,37400000.0
398,W/Dim.,38200000.0
399,FD,54000000.0
400,WB (NL),33000000.0
401,WB,72300000.0
402,Rela.,24800000.0
403,WB,36400000.0
404,WB,37700000.0
405,W/Dim.,38500000.0
406,WB,37300000.0
407,WB (NL),45100000.0
408,Fox,37900000.0
409,LGF,28100000.0
410,Focus,24100000.0
411,SGem,29100000.0
412,FD,35100000.0
413,CBS,29100000.0
414,Sony,41000000.0
415,Uni.,37100000.0
416,LGF,58000000.0
417,Fox,52700000.0
418,Uni.,35600000.0
419,Uni.,48500000.0
420,Sum.,21400000.0
421,Focus,40300000.0
422,Par.,51800000.0
423,Vari.,100000.0
424,TriS,36700000.0
425,WB,39000000.0
426,Focus,13800000.0
427,CL,151000.0
428,ORF,25100000.0
429,WB,31800000.0
430,FoxS,13300000.0
431,LGF,53300000.0
432,IM,460000.0
433,BV,26700000.0
434,LGF,21300000.0
435,TriS,43900000.0
436,CJ,251000.0
437,WB,33000000.0
438,Focus,31200000.0
439,CBS,27900000.0
440,SPC,4000000.0
441,WB,25900000.0
442,Elev.,134000.0
443,BV,18300000.0
444,Sony,37100000.0
445,SGem,37300000.0
446,Rela.,18900000.0
447,Fox,23200000.0
448,Sum.,35000000.0
449,BV,21400000.0
450,Uni.,21300000.0
451,TriS,37300000.0
452,FD,24000000.0
453,Eros,2500000.0
454,WB,35100000.0
455,Wein.,14600000.0
456,Fox,30400000.0
457,Focus,11200000.0
458,TriS,34500000.0
459,Vari.,66100.0
460,BV,15400000.0
461,SPC,3200000.0
462,Wein.,9700000.0
463,Fox,14000000.0
464,Sum.,10700000.0
465,SPC,2500000.0
466,SPC,5700000.0
467,Uni.,16900000.0
468,Focus,19500000.0
469,Vari.,50400.0
470,W/Dim.,17700000.0
471,RAtt.,5100000.0
472,Uni.,21600000.0
473,Wein.,24800000.0
474,FD,13100000.0
475,Strand,720000.0
476,MBox,1600000.0
477,LGF,13700000.0
478,Par.,16300000.0
479,Wein.,7700000.0
480,NM,2700000.0
481,SPC,7100000.0
482,SPC,5400000.0
483,RAtt.,5400000.0
484,Fox,11900000.0
485,FoxS,3900000.0
486,Magn.,803000.0
487,Wein.,10100000.0
488,MBox,10400.0
489,RAtt.,164000.0
490,UTV,1500000.0
491,Magn.,3000000.0
492,Rela.,15000000.0
493,RAtt.,11500000.0
494,Sony,4500000.0
495,Vari.,206000.0
496,IFC,158000.0
497,NGE,44300.0
498,IFC,3500000.0
499,Focus,5800000.0
500,Cohen,667000.0
501,Magn.,129000.0
502,NeoC,708000.0
503,MBox,233000.0
504,CL,69000.0
505,CL,124000.0
506,FoxS,1300000.0
507,FoxS,10200000.0
508,NGE,5700000.0
509,Kino,123000.0
510,Jan.,612000.0
511,SGem,10300000.0
512,BV,10100000.0
513,SPC,1000000.0
514,MNE,24100.0
515,LGF,1400000.0
516,Magn.,708000.0
517,SPC,543000.0
518,SPC,4400000.0
519,Magn.,44700.0
520,PDA,1600000.0
521,Trib.,99000.0
522,Fox,7200000.0
523,Sum.,971000.0
524,Rela.,6900000.0
525,FoxS,6900000.0
526,IFC,352000.0
527,IFC,5300000.0
528,CL,153000.0
529,Osci.,1700000.0
530,SGem,1000000.0
531,Vita.,518000.0
532,MBox,162000.0
533,Rocket,32800.0
534,IFC,1400000.0
535,UTV,464000.0
536,Wein.,4400000.0
537,FoxS,
538,Magn.,224000.0
539,IFC,16100.0
540,OMNI/FSR,1200000.0
541,MBox,514000.0
542,PDA,4400000.0
543,IFC,4800.0
544,FM,7600.0
545,MBox,501000.0
546,Magn.,253000.0
547,IFC,4000000.0
548,Strand,85500.0
549,ParV,3400000.0
550,Imag.,138000.0
551,Relbig.,3700000.0
552,IFC,540000.0
553,SPC,2100000.0
554,FoxS,3000000.0
555,,70600.0
556,Wein.,3300000.0
557,Rela.,539000.0
558,Magn.,40500.0
559,LGF,3000000.0
560,IFC,5000.0
561,Eros,3100000.0
562,SPC,1700000.0
563,KKM,555000.0
564,Lorb.,45800.0
565,LGF,161000.0
566,Gold.,1500000.0
567,RAtt.,2700000.0
568,Strand,60000.0
569,Cohen,143000.0
570,Magn.,14900.0
571,Kino,356000.0
572,Zeit.,71200.0
573,CL,47900.0
574,IFC,2000000.0
575,Lorb.,14600.0
576,Relbig.,1800000.0
577,IFC,230000.0
578,Strand,37700.0
579,Argo.,29300.0
580,FoxS,1300000.0
581,Sum.,1800000.0
582,IFC,1700.0
583,Eros,993000.0
584,Zeit.,1500000.0
585,FoxS,1400000.0
586,LGF,1400000.0
587,Strand,184000.0
588,Gold.,1100000.0
589,SMod,1100000.0
590,Libre,7200.0
591,Eros,1100000.0
592,Olive,19600.0
593,Gold.,1100000.0
594,Magn.,22700.0
595,Magn.,1100000.0
596,IFC,32900.0
597,Eros,987000.0
598,Osci.,978000.0
599,Anch.,45500.0
600,Eros,955000.0
601,Wein.,373000.0
602,Wein.,468000.0
603,SPC,842000.0
604,MBox,708000.0
605,FRun,3200.0
606,UTV,6300.0
607,Eros,728000.0
608,NGE,332000.0
609,Magn.,703000.0
610,IFC,697000.0
611,UTV,577000.0
612,Relbig.,651000.0
613,SPC,638000.0
614,UTV,441000.0
615,Lorb.,8200.0
616,Magn.,201000.0
617,FM,8700.0
618,IFC,9200.0
619,IFC,68700.0
620,RAtt.,569000.0
621,FoxS,564000.0
622,Relbig.,544000.0
623,IFC,119000.0
624,Yash,496000.0
625,IFC,485000.0
626,FM,3000.0
627,RAtt.,454000.0
628,IFC,25400.0
629,RAtt.,411000.0
630,Strand,5600.0
631,FM,64000.0
632,WHE,383000.0
633,UTV,270000.0
634,P4,8500.0
635,Relbig.,351000.0
636,KC,312000.0
637,IFC,328000.0
638,IFC,312000.0
639,SD,304000.0
640,FD,304000.0
641,FRun,8900.0
642,FM,700.0
643,CGld,282000.0
644,Eros,274000.0
645,IFC,274000.0
646,Magn.,22600.0
647,Lorb.,153000.0
648,NGE,253000.0
649,Lorb.,4200.0
650,FRun,1400.0
651,AM,237000.0
652,FM,12100.0
653,IFC,224000.0
654,Anch.,216000.0
655,Kino,83500.0
656,MPFT,103000.0
657,Gold.,200000.0
658,Lorb.,33000.0
659,Eros,189000.0
660,Strand,13000.0
661,FM,9900.0
662,Scre.,184000.0
663,Icar.,164000.0
664,AGF,15800.0
665,Osci.,168000.0
666,SPC,163000.0
667,Mont.,40300.0
668,Magn.,155000.0
669,FRun,153000.0
670,A23,151000.0
671,IFC,142000.0
672,IFC,141000.0
673,Eros,140000.0
674,Vari.,136000.0
675,SPC,134000.0
676,Da.,130000.0
677,NYer,32100.0
678,Strand,21600.0
679,MBox,111000.0
680,P4,86000.0
681,MNE,120000.0
682,Magn.,106000.0
683,Magn.,100000.0
684,Rialto,100000.0
685,Eros,94300.0
686,Pala.,81900.0
687,Anch.,77200.0
688,MNE,68900.0
689,CL,66200.0
690,Lorb.,27800.0
691,MBox,61800.0
692,Eros,59500.0
693,Wein.,55100.0
694,Kino,51200.0
695,Eros,48600.0
696,FoxS,46500.0
697,Magn.,45200.0
698,IFC,41000.0
699,DF,40600.0
700,KL,39500.0
701,IFC,36600.0
702,CL,36500.0
703,CL,34800.0
704,IFC,33200.0
705,P4,19700.0
706,Anch.,30700.0
707,UTV,30100.0
708,Strand,29100.0
709,Strand,22300.0
710,Magn.,22300.0
711,Strand,8700.0
712,Eros,21400.0
713,NeoC,
714,Anch.,17500.0
715,CGld,5700.0
716,CL,10700.0
717,IFC,8000.0
718,IFC,6900.0
719,Magn.,6400.0
720,KL,6300.0
721,Strand,4000.0
722,ALP,2800.0
723,Vita.,2600.0
724,Magn.,2600.0
725,IFC,1900.0
726,IFC,1300.0
727,BV,623400000.0
728,Sony,304400000.0
729,WB,448100000.0
730,WB (NL),303000000.0
731,Fox,161300000.0
732,LG/S,292300000.0
733,Sony,262000000.0
734,P/DW,216400000.0
735,LGF,408000000.0
736,Sony,179000000.0
737,Fox,125000000.0
738,Uni.,218800000.0
739,BV,237300000.0
740,BV,189400000.0
741,Uni.,148800000.0
742,Wein.,10200000.0
743,Wein.,162800000.0
744,Fox,126500000.0
745,Uni.,155300000.0
746,Fox,139900000.0
747,Sony,148300000.0
748,Uni.,214000000.0
749,Par.,57900000.0
750,WB (NL),103900000.0
751,LGF,85000000.0
752,P/DW,103400000.0
753,WB,83700000.0
754,Uni.,65400000.0
755,BV,73100000.0
756,Uni.,113200000.0
757,BV,182200000.0
758,WB,79700000.0
759,SGem,42300000.0
760,Wein.,132100000.0
761,Uni.,57000000.0
762,WB,136000000.0
763,Par.,80100000.0
764,Uni.,126400000.0
765,Sony,138400000.0
766,Sony,58900000.0
767,SGem,125000000.0
768,Rela.,64900000.0
769,LG/S,19000000.0
770,Par.,59700000.0
771,TriS,66500000.0
772,WB,113700000.0
773,Par.,93800000.0
774,SGem,62300000.0
775,Fox,54800000.0
776,BV,19200000.0
777,Par.,53900000.0
778,LG/S,35100000.0
779,FoxS,46400000.0
780,Sony,95700000.0
781,Sony,51800000.0
782,WB,27100000.0
783,CBS,54300000.0
784,Fox,64599999.0
785,Sony,31100000.0
786,Fox,77300000.0
787,Fox,37500000.0
788,Uni.,65000000.0
789,Sony,63500000.0
790,Focus,56000000.0
791,WB,86900000.0
792,Vari.,63000.0
793,Fox,43500000.0
794,WB,54700000.0
795,Par.,53300000.0
796,WB,60500000.0
797,Uni.,66500000.0
798,SGem,91500000.0
799,Uni.,67500000.0
800,WHE,36000.0
801,LGF,49100000.0
802,LGF,41200000.0
803,WGUSA,686000.0
804,Uni.,47400000.0
805,BV,35300000.0
806,Rela.,70000000.0
807,CJ,923000.0
808,LG/S,48100000.0
809,ORF,51600000.0
810,Fox,49000000.0
811,SPC,16700000.0
812,Sony,45300000.0
813,BV,41100000.0
814,Focus,12800000.0
815,Fox,35400000.0
816,Focus,45500000.0
817,LGF,65700000.0
818,LGF,42100000.0
819,BV,47600000.0
820,WB (NL),38500000.0
821,Sony,36900000.0
822,BV,51900000.0
823,Fox,44300000.0
824,Uni.,28800000.0
825,Wein.,37400000.0
826,ORF,17500000.0
827,Fox,49900000.0
828,BV,34000000.0
829,WB,35800000.0
830,MPI,206000.0
831,ORF,41000000.0
832,LG/S,18600000.0
833,FD,44800000.0
834,Rela.,31600000.0
835,Par.,37100000.0
836,CJ,343000.0
837,LGF,17100000.0
838,Wein.,15000000.0
839,WB,18100000.0
840,LGF,26400000.0
841,LGF,13400000.0
842,LGF,35000000.0
843,RAtt.,7900000.0
844,BV,29000000.0
845,LG/S,25900000.0
846,CBS,9000000.0
847,NeoC,35700.0
848,Par.,12500000.0
849,LG/S,17700000.0
850,Rela.,18900000.0
851,Par.,25300000.0
852,FD,14300000.0
853,WB,30900000.0
854,Sony,20300000.0
855,Rela.,16000000.0
856,UTV,777000.0
857,RTWC,11100.0
858,FIP,1200000.0
859,Wein.,16399999.0
860,SPC,2100000.0
861,Uni.,20200000.0
862,TriS,24400000.0
863,WB,14600000.0
864,FoxS,6000000.0
865,P/DW,18500000.0
866,Uni.,17500000.0
867,FoxS,12800000.0
868,IFC,211000.0
869,SPC,6700000.0
870,Uni.,15600000.0
871,RTWC,
872,CBS,15000000.0
873,LG/S,11700000.0
874,RF,13000.0
875,LG/S,3800000.0
876,CJ,70200.0
877,Free,4900.0
878,IFC,548000.0
879,Magn.,1200000.0
880,ORF,13700000.0
881,Wein.,47800.0
882,MNE,52600.0
883,CBS,11500000.0
884,FD,13100000.0
885,ORF,12800000.0
886,RAtt.,7300000.0
887,KL,386000.0
888,Drft.,68800.0
889,BV,12400000.0
890,Anch.,412000.0
891,RTWC,448000.0
892,Wein.,144000.0
893,Par.,9400000.0
894,Magn.,9600.0
895,Cohen,499000.0
896,Focus,7100000.0
897,WB,4900000.0
898,ArcEnt,5700000.0
899,SPC,1800000.0
900,MNE,9200000.0
901,FoxS,6000000.0
902,FoxS,2500000.0
903,Focus,6400000.0
904,IFC,744000.0
905,PalUni,256000.0
906,W/Dim.,377000.0
907,Wein.,206000.0
908,EpicPics,14400.0
909,Magn.,120000.0
910,Focus,7600000.0
911,EOne,122000.0
912,LGF,5900000.0
913,UTV,599000.0
914,Magn.,1500000.0
915,KL,43200.0
916,Strand,22000.0
917,LD,6800000.0
918,MBox,2000000.0
919,Magn.,4200000.0
920,EOne,764000.0
921,Fox,6000000.0
922,IFC,59100.0
923,Elev.,180000.0
924,RAtt.,3000000.0
925,SPC,1000000.0
926,Fox,5300000.0
927,Cohen,1600000.0
928,Imag.,
929,LGF,2600000.0
930,ParV,4300000.0
931,AF,1000000.0
932,SPC,4099999.0
933,,
934,FD,4000000.0
935,ArcEnt,3400000.0
936,NYer,
937,Cohen,355000.0
938,RAtt.,354000.0
939,GK,23400.0
940,SPC,3700000.0
941,LD,2000000.0
942,Trib.,75700.0
943,Gold.,3300000.0
944,Par.,3100000.0
945,SPC,3100000.0
946,Yash,3000000.0
947,MNE,69100.0
948,Relbig.,2900000.0
949,UTV,2800000.0
950,CL,192000.0
951,Osci.,2700000.0
952,TFA,151000.0
953,Magn.,2600000.0
954,Eros,2500000.0
955,IFC,1500000.0
956,Magn.,2400000.0
957,Yash,2300000.0
958,GK,351000.0
959,MNE,304000.0
960,SPC,2000000.0
961,IM,898000.0
962,Eros,2000000.0
963,FM,3500.0
964,Eros,1900000.0
965,Eros,1800000.0
966,Myr.,
967,GK,11000.0
968,IFC,138000.0
969,Magn.,100000.0
970,Magn.,633000.0
971,IFC,1600000.0
972,MBox,29900.0
973,RTWC,21000.0
974,RAtt.,38900.0
975,EOne,1600000.0
976,Magn.,146000.0
977,Zeit.,317000.0
978,SPC,254000.0
979,Magn.,1400000.0
980,MNE,693000.0
981,SD,1300000.0
982,Strand,154000.0
983,MNE,15400.0
984,Cohen,1300000.0
985,NGE,778000.0
986,Focus,1300000.0
987,Magn.,1200000.0
988,Eros,1200000.0
989,CGld,152000.0
990,UTV,1200000.0
991,MBox,1100000.0
992,Wein.,757000.0
993,Gold.,1000000.0
994,IFC,1000000.0
995,SPC,1000000.0
996,MNE,973000.0
997,KL,158000.0
998,Wein.,583000.0
999,KL,4600.0
1000,SPC,794000.0
1001,Eros,781000.0
1002,Eros,772000.0
1003,Eros,698000.0
1004,Eros,670000.0
1005,WB,669000.0
1006,IM,641000.0
1007,FM,53800.0
1008,IFC,591000.0
1009,Wein.,562000.0
1010,AF,155000.0
1011,Eros,549000.0
1012,Focus,540000.0
1013,IFC,534000.0
1014,SPC,532000.0
1015,Wein.,279000.0
1016,Eros,434000.0
1017,WHE,
1018,Magn.,400.0
1019,FoxS,408000.0
1020,Eros,379000.0
1021,SPC,377000.0
1022,Magn.,5500.0
1023,ATO,366000.0
1024,IFC,327000.0
1025,Magn.,319000.0
1026,CL,313000.0
1027,WHE,311000.0
1028,IM,288000.0
1029,CL,256000.0
1030,FoxS,253000.0
1031,MBox,246000.0
1032,KL,243000.0
1033,IFC,240000.0
1034,Zeit.,233000.0
1035,Eros,230000.0
1036,CL,220000.0
1037,SPC,215000.0
1038,Vari.,212000.0
1039,Abr.,211000.0
1040,Anch.,203000.0
1041,Strand,15100.0
1042,Magn.,201000.0
1043,MBox,201000.0
1044,UTV,178000.0
1045,Magn.,177000.0
1046,RTWC,105000.0
1047,IFC,29100.0
1048,IM,170000.0
1049,UTV,169000.0
1050,BM&DH,166000.0
1051,Eros,156000.0
1052,Drft.,152000.0
1053,Eros,152000.0
1054,UTV,144000.0
1055,Anch.,139000.0
1056,WGUSA,136000.0
1057,IFC,130000.0
1058,IFC,127000.0
1059,Hann.,64900.0
1060,NYer,126000.0
1061,Magn.,123000.0
1062,CL,118000.0
1063,ATO,114000.0
1064,KL,110000.0
1065,Osci.,107000.0
1066,Magn.,102000.0
1067,Strand,101000.0
1068,Osci.,101000.0
1069,UTV,101000.0
1070,Magn.,100000.0
1071,IFC,95000.0
1072,MBox,86600.0
1073,SEG,83600.0
1074,FRun,37700.0
1075,Magn.,78400.0
1076,PalT,77000.0
1077,Gold.,76400.0
1078,Trib.,72700.0
1079,RF,
1080,Strand,24000.0
1081,Magn.,66400.0
1082,CL,64400.0
1083,CL,59100.0
1084,CGld,56400.0
1085,Yash,52600.0
1086,WGUSA,50400.0
1087,CL,47900.0
1088,Strand,28300.0
1089,CL,44800.0
1090,KL,38400.0
1091,Vari.,34000.0
1092,UTV,30900.0
1093,RAtt.,30700.0
1094,ICir,29300.0
1095,Strand,26700.0
1096,KL,25100.0
1097,Gold.,22800.0
1098,Strand,21300.0
1099,Anch.,21000.0
1100,Osci.,18900.0
1101,Imag.,18500.0
1102,Outs,18000.0
1103,IFC,17800.0
1104,MNE,17700.0
1105,Da.,16100.0
1106,KL,16100.0
1107,CGld,15900.0
1108,Mont.,15800.0
1109,Mont.,13600.0
1110,Strand,3500.0
1111,Gold.,12400.0
1112,UTV,10100.0
1113,CL,10000.0
1114,FM,8900.0
1115,Strand,8400.0
1116,MNE,7900.0
1117,OutF,6000.0
1118,Magn.,5200.0
1119,BSM,5100.0
1120,Trib.,3400.0
1121,IFC,3000.0
1122,IFC,3000.0
1123,IFC,3000.0
1124,IFC,2700.0
1125,IFC,800.0
1126,Trib.,600.0
1127,BV,400700000.0
1128,BV,409000000.0
1129,Uni.,368100000.0
1130,WB (NL),258399999.0
1131,LGF,424700000.0
1132,Uni.,238700000.0
1133,BV,268500000.0
1134,WB,274100000.0
1135,WB,291000000.0
1136,BV,206400000.0
1137,Fox,187200000.0
1138,Par.,202400000.0
1139,BV,234900000.0
1140,Par.,228800000.0
1141,Fox,132600000.0
1142,WB,101800000.0
1143,Par.,116900000.0
1144,Par.,122500000.0
1145,WB,112200000.0
1146,WB,144800000.0
1147,LG/S,117700000.0
1148,Sony,71000000.0
1149,WB (NL),137400000.0
1150,Fox,67300000.0
1151,Uni.,89100000.0
1152,TriS,93100000.0
1153,Fox,83000000.0
1154,Sony,119800000.0
1155,WB (NL),150400000.0
1156,Fox,107500000.0
1157,BV,89300000.0
1158,Sony,150100000.0
1159,Sony,133699999.0
1160,Sony,60500000.0
1161,BV,90300000.0
1162,Fox,159600000.0
1163,Par.,55700000.0
1164,Sony,107100000.0
1165,Sony,73100000.0
1166,Fox,68600000.0
1167,WAMCR,57400.0
1168,WB (NL),65200000.0
1169,Fox,58200000.0
1170,FoxS,56700000.0
1171,Wein.,116600000.0
1172,Uni.,134500000.0
1173,Par.,125200000.0
1174,FD,98900000.0
1175,FD,83600000.0
1176,Uni.,125100000.0
1177,Par.,102000000.0
1178,Uni.,38400000.0
1179,LG/S,53300000.0
1180,Uni.,71600000.0
1181,LG/S,25100000.0
1182,CBS,63900000.0
1183,Uni.,75600000.0
1184,Fox,36100000.0
1185,Sony,101500000.0
1186,LG/S,61700000.0
1187,WB,61000000.0
1188,BV,83300000.0
1189,LG/S,66400000.0
1190,Uni.,45400000.0
1191,CL,376000.0
1192,Rela.,55800000.0
1193,WB,46000000.0
1194,Wein.,37700000.0
1195,LGF,44500000.0
1196,Uni.,42000000.0
1197,Rela.,71300000.0
1198,TriS,54200000.0
1199,SPC,33400000.0
1200,SGem,31200000.0
1201,Fox,44700000.0
1202,Uni.,26900000.0
1203,Uni.,64500000.0
1204,Yash,8000000.0
1205,Uni.,15300000.0
1206,Par.,49900000.0
1207,SGem,35300000.0
1208,Rela.,36900000.0
1209,W/Dim.,32000000.0
1210,Uni.,33600000.0
1211,CL,23500.0
1212,Fox,21500000.0
1213,Wein.,57000000.0
1214,Wein.,37700000.0
1215,Uni.,70500000.0
1216,WAMCR,87800.0
1217,Fox,17000000.0
1218,TriS,51900000.0
1219,TriS,28900000.0
1220,Wein.,6600000.0
1221,ORF,32200000.0
1222,ORF,26600000.0
1223,Fox,19300000.0
1224,GK,1000000.0
1225,Uni.,28800000.0
1226,ORF,40000000.0
1227,WB,19500000.0
1228,Wein.,18400000.0
1229,Focus,27300000.0
1230,PM&E,516000.0
1231,LGF,52500000.0
1232,LGF,52000000.0
1233,BV,30700000.0
1234,CJ,665000.0
1235,LGF,12100000.0
1236,Rela.,25700000.0
1237,WB,25600000.0
1238,CL,43800.0
1239,LGF,34300000.0
1240,LGF,21800000.0
1241,FD,17600000.0
1242,Focus,26000000.0
1243,WB,29800000.0
1244,ORF,20200000.0
1245,LG/S,42900000.0
1246,ORF,16100000.0
1247,Focus,21400000.0
1248,CBS,13200000.0
1249,RAtt.,21600000.0
1250,Rela.,8800000.0
1251,LG/S,32200000.0
1252,A24,14100000.0
1253,WGUSA,458000.0
1254,Rela.,24500000.0
1255,Magn.,34700.0
1256,Par.,17700000.0
1257,WB (NL),22500000.0
1258,Wein.,8300000.0
1259,MNE,1000.0
1260,W/Dim.,17400000.0
1261,FoxS,17600000.0
1262,FoxS,2300000.0
1263,FoxS,21500000.0
1264,Wein.,1500000.0
1265,FoxS,21600000.0
1266,EOne,335000.0
1267,Jan.,2900000.0
1268,Cdgm.,
1269,Wein.,2500000.0
1270,Fox,19700000.0
1271,SPC,5100000.0
1272,A24,5800000.0
1273,LGF,18500000.0
1274,FD,10900000.0
1275,Focus,18000000.0
1276,Wein.,16100000.0
1277,SGem,8900000.0
1278,Rela.,11300000.0
1279,Distrib.,900.0
1280,CBS,15200000.0
1281,ORF,8000000.0
1282,Imax,7600000.0
1283,Rela.,7400000.0
1284,RAtt.,6300000.0
1285,Elev.,376000.0
1286,FoxS,1700000.0
1287,Cohen,390000.0
1288,SPC,1400000.0
1289,Wein.,218000.0
1290,SPC,8100000.0
1291,RTWC,779000.0
1292,SPC,1300000.0
1293,SPC,1600000.0
1294,WB,9500000.0
1295,LGF,9200000.0
1296,NGE,8000000.0
1297,BV,3300000.0
1298,MNE,105000.0
1299,PH,3400000.0
1300,LGF,5800000.0
1301,FoxS,7000000.0
1302,IFC,2200000.0
1303,Wein.,1700000.0
1304,IFC,347000.0
1305,A24,6900000.0
1306,EOne,26700.0
1307,ORF,6200000.0
1308,FIP,
1309,Focus,5800000.0
1310,Wein.,179000.0
1311,Trib.,175000.0
1312,CJ,134000.0
1313,UTV,5300000.0
1314,RTWC,4900000.0
1315,FD,2200000.0
1316,WGUSA,76500.0
1317,Strand,8900.0
1318,RAtt.,4300000.0
1319,IFC,4099999.0
1320,Cohen,285000.0
1321,Eros,3800000.0
1322,Drft.,22100.0
1323,Da.,17700.0
1324,CBS,3500000.0
1325,Magn.,3600.0
1326,RAtt.,3300000.0
1327,LGF,3300000.0
1328,RAtt.,3000000.0
1329,Eros,2700000.0
1330,Cohen,102000.0
1331,FoxS,2300000.0
1332,HTR,2400000.0
1333,SPC,2300000.0
1334,Gold.,2300000.0
1335,ELS,2300000.0
1336,Osci.,72600.0
1337,Eros,2200000.0
1338,SPC,2200000.0
1339,Magn.,18800.0
1340,PI,
1341,MNE,2000000.0
1342,RTWC,
1343,SPC,1800000.0
1344,E1,340000.0
1345,Relbig.,1600000.0
1346,MPI,102000.0
1347,RAtt.,1600000.0
1348,RTWC,357000.0
1349,UTV,1600000.0
1350,LD,1400000.0
1351,RAtt.,1400000.0
1352,SPC,1300000.0
1353,CBS,1300000.0
1354,SPC,1200000.0
1355,KL,21500.0
1356,Rela.,1200000.0
1357,Gold.,1200000.0
1358,MBox,38700.0
1359,UTV,1100000.0
1360,MNE,1100000.0
1361,RAtt.,1100000.0
1362,IFC,397000.0
1363,SPC,1000000.0
1364,Cdgm.,1000000.0
1365,A24,1000000.0
1366,MBox,970000.0
1367,Eros,903000.0
1368,RTWC,
1369,TVC,850000.0
1370,ATO,13500.0
1371,UTV,739000.0
1372,Zeit.,717000.0
1373,Relbig.,680000.0
1374,Wein.,584000.0
1375,Magn.,613000.0
1376,FEF,613000.0
1377,Magn.,588000.0
1378,Eros,582000.0
1379,CGld,561000.0
1380,IFC,553000.0
1381,KL,18900.0
1382,LGF,495000.0
1383,Drft.,487000.0
1384,Vari.,423000.0
1385,Magn.,101000.0
1386,Magn.,414000.0
1387,Eros,414000.0
1388,Eros,411000.0
1389,SPC,383000.0
1390,WGUSA,35100.0
1391,SPC,381000.0
1392,Eros,370000.0
1393,Relbig.,342000.0
1394,EXCL,319000.0
1395,FM,5900.0
1396,Eros,298000.0
1397,Cohen,280000.0
1398,UTV,271000.0
1399,MSF,259000.0
1400,MBox,100000.0
1401,Eros,226000.0
1402,UTV,222000.0
1403,Cdgm.,208000.0
1404,UTV,203000.0
1405,P/108,190000.0
1406,Eros,167000.0
1407,FCW,166000.0
1408,SPC,149000.0
1409,Eros,148000.0
1410,Vari.,128000.0
1411,IFC,125000.0
1412,XL,117000.0
1413,Strand,117000.0
1414,TFA,112000.0
1415,Eros,112000.0
1416,Cdgm.,105000.0
1417,RTWC,100000.0
1418,EOne,92200.0
1419,IFC,89200.0
1420,WGUSA,85800.0
1421,EOne,81400.0
1422,MNE,81100.0
1423,KL,79800.0
1424,AF,76900.0
1425,CGld,76200.0
1426,Anch.,74900.0
1427,Trib.,70500.0
1428,Zeit.,68000.0
1429,CL,64400.0
1430,Distrib.,62700.0
1431,IFC,61800.0
1432,IFC,56800.0
1433,Eros,46700.0
1434,EOne,46300.0
1435,A24,45400.0
1436,P/108,42200.0
1437,MNE,39900.0
1438,Strand,39200.0
1439,FRun,38600.0
1440,IFC,38500.0
1441,WGUSA,37900.0
1442,RAtt.,36900.0
1443,KL,35300.0
1444,IFC,24500.0
1445,Strand,24300.0
1446,Distrib.,23200.0
1447,Magn.,21800.0
1448,IFC,21300.0
1449,GK,21000.0
1450,Cohen,20000.0
1451,IFC,19700.0
1452,KL,18800.0
1453,SD,18200.0
1454,Cdgm.,17200.0
1455,Anch.,14800.0
1456,CJ,14400.0
1457,A23,13200.0
1458,IFC,12200.0
1459,MNE,11700.0
1460,Cohen,11400.0
1461,CL,11200.0
1462,FM,9900.0
1463,EOne,9800.0
1464,IFC,9700.0
1465,IFC,9000.0
1466,IFC,8100.0
1467,CL,6900.0
1468,Strand,6700.0
1469,Strand,6500.0
1470,WGUSA,5300.0
1471,Rialto,3500.0
1472,Trib.,2700.0
1473,Vita.,1100.0
1474,Anch.,800.0
1475,Magn.,700.0
1476,Magn.,100.0
1477,Par.,245400000.0
1478,WB (NL),255100000.0
1479,BV,333200000.0
1480,BV,241400000.0
1481,LGF,337100000.0
1482,Fox,233900000.0
1483,BV,259800000.0
1484,Fox,208500000.0
1485,Sony,202900000.0
1486,Par.,188000000.0
1487,BV,222500000.0
1488,Fox,177000000.0
1489,WB,350100000.0
1490,WB,200700000.0
1491,Fox,131500000.0
1492,Par.,191200000.0
1493,WB,257800000.0
1494,Uni.,126700000.0
1495,Fox,83400000.0
1496,WB,100200000.0
1497,Fox,167800000.0
1498,Fox,113700000.0
1499,Par.,101200000.0
1500,Fox,102400000.0
1501,WB,106600000.0
1502,Sony,191700000.0
1503,Fox,124900000.0
1504,LG/S,150900000.0
1505,Fox,111500000.0
1506,Uni.,150200000.0
1507,Fox,65000000.0
1508,WB (NL),84300000.0
1509,Par.,72700000.0
1510,Sony,58600000.0
1511,Wein.,91100000.0
1512,Uni.,92200000.0
1513,Uni.,56300000.0
1514,LGF,39300000.0
1515,BV,128000000.0
1516,Sony,85800000.0
1517,Magn.,18100.0
1518,BV,43600000.0
1519,Fox,83900000.0
1520,Sony,101500000.0
1521,CL,778000.0
1522,FoxS,59300000.0
1523,Uni.,86200000.0
1524,Uni.,115600000.0
1525,WB (NL),47600000.0
1526,Sony,78000000.0
1527,Uni.,134900000.0
1528,BV,59200000.0
1529,Fox,82400000.0
1530,Par.,50600000.0
1531,Sony,85900000.0
1532,WB,46300000.0
1533,Sony,38500000.0
1534,Focus,35900000.0
1535,ORF,64300000.0
1536,BV,5200000.0
1537,TriS,23200000.0
1538,CJ,2600000.0
1539,Uni.,72000000.0
1540,Focus,50800000.0
1541,WB,54400000.0
1542,Uni.,50900000.0
1543,FoxS,42300000.0
1544,WB,23000000.0
1545,BV,67000000.0
1546,TriS,91400000.0
1547,WB (NL),84500000.0
1548,UTV,10600000.0
1549,Fox,50200000.0
1550,Par.,32500000.0
1551,BV,54200000.0
1552,LG/S,43000000.0
1553,SGem,30600000.0
1554,Uni.,43100000.0
1555,RTWC,4600000.0
1556,LG/S,14900000.0
1557,WB,47100000.0
1558,BV,51200000.0
1559,WB (NL),50500000.0
1560,LGF,19100000.0
1561,WGUSA,557000.0
1562,SGem,65200000.0
1563,Rela.,20400000.0
1564,Sony,1000000.0
1565,Fox,59700000.0
1566,WB,47000000.0
1567,Wein.,45100000.0
1568,Par.,52100000.0
1569,Free,60800000.0
1570,Shout!,4100.0
1571,Wein.,16200000.0
1572,LG/S,18800000.0
1573,Elev.,175000.0
1574,WB,42000000.0
1575,Wein.,44100000.0
1576,SGem,52500000.0
1577,Uni.,26300000.0
1578,Rela.,30700000.0
1579,FoxS,37900000.0
1580,SPC,10500000.0
1581,SV,2600000.0
1582,SGem,48600000.0
1583,SPC,13100000.0
1584,ORF,31400000.0
1585,Rela.,38900000.0
1586,IFC,25400000.0
1587,Rela.,27700000.0
1588,FIP,2500000.0
1589,Uni.,21300000.0
1590,WB,34300000.0
1591,Focus,26100000.0
1592,W/Dim.,13800000.0
1593,Par.,33700000.0
1594,BV,36500000.0
1595,ORF,32400000.0
1596,Fox,15800000.0
1597,RAtt.,17200000.0
1598,Rela.,26800000.0
1599,Uni.,23400000.0
1600,Uni.,30700000.0
1601,Rela.,25000000.0
1602,WGUSA,416000.0
1603,WB,12600000.0
1604,TriS,30100000.0
1605,LG/S,28800000.0
1606,Wein.,14500000.0
1607,CJ,137000.0
1608,Par.,25300000.0
1609,WGUSA,7700.0
1610,CE,15200000.0
1611,Wein.,9600.0
1612,Wein.,10900.0
1613,GK,703000.0
1614,ORF,17300000.0
1615,Wein.,4400000.0
1616,SPC,4000000.0
1617,WGUSA,219000.0
1618,BV,17800000.0
1619,Wein.,724000.0
1620,Par.,13400000.0
1621,IFC,335000.0
1622,Free,14000000.0
1623,CE,8500000.0
1624,FoxS,10700000.0
1625,LGF,8500000.0
1626,ORF,10500000.0
1627,LGF,17400000.0
1628,Elev.,43200.0
1629,FoxS,3600000.0
1630,Fox,2800000.0
1631,LGF,16000000.0
1632,Magn.,3900.0
1633,CE,3200000.0
1634,Wein.,7800000.0
1635,WB,8100000.0
1636,WB,11300000.0
1637,Magn.,507000.0
1638,MNE,3800000.0
1639,SPC,12100000.0
1640,A24,5700000.0
1641,Sony,6100000.0
1642,Wein.,101000.0
1643,Strand,59900.0
1644,FoxS,10700000.0
1645,Strand,59500.0
1646,TriS,10400000.0
1647,IFC,964000.0
1648,Magn.,786000.0
1649,VPD,8200.0
1650,Drft.,303000.0
1651,Magn.,153000.0
1652,IFC,374000.0
1653,Magn.,34400.0
1654,CBS,3500000.0
1655,FIP,616000.0
1656,CBS,1400000.0
1657,Cohen,339000.0
1658,Magn.,13300.0
1659,LGF,
1660,IFC,1400000.0
1661,GK,71700.0
1662,LGF,6400000.0
1663,Cohen,343000.0
1664,LGF,870000.0
1665,IFC,3000.0
1666,IFC,2900000.0
1667,Wein.,2000000.0
1668,Focus,3600000.0
1669,A24,2600000.0
1670,RAtt.,5300000.0
1671,IFC,12000.0
1672,GK,262000.0
1673,Wein.,510000.0
1674,KE,267000.0
1675,RAtt.,4400000.0
1676,SPC,4200000.0
1677,Cohen,4000000.0
1678,Zeit.,231000.0
1679,RTWC,174000.0
1680,MBox,3800000.0
1681,RTWC,
1682,Magn.,1400.0
1683,WB,3300000.0
1684,RAtt.,3500000.0
1685,Shout!,
1686,EOne,3400000.0
1687,A24,1000000.0
1688,RAtt.,2200000.0
1689,Magn.,2500.0
1690,A24,1100000.0
1691,Strand,8500.0
1692,ORF,3100000.0
1693,A24,3100000.0
1694,Gold.,418000.0
1695,RTWC,2800000.0
1696,MBox,150000.0
1697,WB,2700000.0
1698,SPC,2600000.0
1699,Outs,11600.0
1700,MBox,307000.0
1701,UTV,2500000.0
1702,Focus,2500000.0
1703,Saban,2400000.0
1704,RAtt.,42500.0
1705,PH,333000.0
1706,KL,11600.0
1707,CJ,2300000.0
1708,SPC,2300000.0
1709,KL,9800.0
1710,Par.,706000.0
1711,UTV,2200000.0
1712,Magn.,327000.0
1713,MBox,2200000.0
1714,RAtt.,2100000.0
1715,Drft.,280000.0
1716,SPC,1900000.0
1717,A24,1800000.0
1718,CF&SR,1500000.0
1719,RTWC,1500000.0
1720,IFC,1500000.0
1721,HTR,125000.0
1722,Trib.,21800.0
1723,A24,1400000.0
1724,Magn.,1400000.0
1725,Shout!,1500.0
1726,Distrib.,75500.0
1727,Eros,1300000.0
1728,FM,32299.0
1729,Eros,1200000.0
1730,Drft.,28500.0
1731,Triu,1200000.0
1732,Strand,101000.0
1733,FM,56800.0
1734,Rela.,1100000.0
1735,SPC,1100000.0
1736,A24,1100000.0
1737,A24,1100000.0
1738,DR,800.0
1739,Crnth,
1740,UTV,1000000.0
1741,SPC,1000000.0
1742,Drft.,57500.0
1743,Wein.,588000.0
1744,Eros,921000.0
1745,GK,858000.0
1746,Eros,817000.0
1747,MBox,3300.0
1748,Ampl.,258000.0
1749,Trib.,768000.0
1750,Eros,731000.0
1751,UTV,711000.0
1752,Relbig.,707000.0
1753,Relbig.,646000.0
1754,Magn.,645000.0
1755,Eros,621000.0
1756,Focus,601000.0
1757,CL,569000.0
1758,UTV,529000.0
1759,FoxS,524000.0
1760,RTWC,513000.0
1761,KL,7800.0
1762,KL,492000.0
1763,Drft.,138000.0
1764,RAtt.,444000.0
1765,CP,128000.0
1766,CL,431000.0
1767,CL,428000.0
1768,KL,390000.0
1769,Relbig.,380000.0
1770,CL,375000.0
1771,RAtt.,373000.0
1772,AF,356000.0
1773,IFC,350000.0
1774,XL,341000.0
1775,FoxS,336000.0
1776,MBox,62500.0
1777,Cohen,317000.0
1778,Eros,314000.0
1779,Proud,310000.0
1780,BGP,38100.0
1781,Abk.,294000.0
1782,MNE,286000.0
1783,Eros,275000.0
1784,Cdgm.,272000.0
1785,CL,272000.0
1786,RAtt.,265000.0
1787,MBox,258000.0
1788,Eros,257000.0
1789,IFC,255000.0
1790,CJ,252000.0
1791,DLA,236000.0
1792,EOne,5500.0
1793,CL,209000.0
1794,AF,202000.0
1795,Magn.,200000.0
1796,Trib.,200000.0
1797,Magn.,181000.0
1798,CL,172000.0
1799,IFC,170000.0
1800,KL,4500.0
1801,WB,139000.0
1802,Cohen,22000.0
1803,FM,134000.0
1804,Zeit.,116000.0
1805,Magn.,3500.0
1806,CL,103000.0
1807,Ampl.,103000.0
1808,IFC,100000.0
1809,Zeit.,97200.0
1810,EOne,92400.0
1811,Mont.,91400.0
1812,Cohen,89700.0
1813,A24,88300.0
1814,B360,87900.0
1815,Gold.,75100.0
1816,SPC,67400.0
1817,SPC,66600.0
1818,UTV,63600.0
1819,CJ,63100.0
1820,IFC,61100.0
1821,Zeit.,60500.0
1822,FCW,59200.0
1823,KL,58700.0
1824,Gold.,58300.0
1825,KL,56800.0
1826,BWP,56100.0
1827,Trib.,54900.0
1828,Mont.,54500.0
1829,IFC,54000.0
1830,FM,53900.0
1831,Strand,52200.0
1832,EOne,48400.0
1833,Rialto,47700.0
1834,SEA,45400.0
1835,Crnth,11300.0
1836,Magn.,33800.0
1837,Magn.,32200.0
1838,IFC,32100.0
1839,Vari.,28100.0
1840,Strand,27100.0
1841,IFC,25400.0
1842,BWP,23300.0
1843,KL,21300.0
1844,RME,19500.0
1845,Magn.,18700.0
1846,EOne,18600.0
1847,KL,16700.0
1848,KL,14800.0
1849,RTWC,13800.0
1850,IFC,13300.0
1851,WGUSA,12700.0
1852,KE,12100.0
1853,Free,11800.0
1854,EOne,11500.0
1855,Strand,11300.0
1856,CGld,10400.0
1857,Mont.,8500.0
1858,FCW,8400.0
1859,Strand,8200.0
1860,WGUSA,7900.0
1861,CLS,7400.0
1862,,7100.0
1863,WGUSA,6900.0
1864,Magn.,6900.0
1865,MNE,6500.0
1866,KS,5900.0
1867,FM,5800.0
1868,RAtt.,5700.0
1869,VE,4300.0
1870,Cdgm.,1800.0
1871,Free,1700.0
1872,BV,936700000.0
1873,Uni.,652300000.0
1874,Uni.,353000000.0
1875,BV,459000000.0
1876,Uni.,336000000.0
1877,Sony,200100000.0
1878,BV,356500000.0
1879,Par.,195000000.0
1880,LGF,281700000.0
1881,Fox,228400000.0
1882,Uni.,166200000.0
1883,BV,201200000.0
1884,Fox,183600000.0
1885,BV,180200000.0
1886,Sony,169700000.0
1887,WB (NL),155200000.0
1888,Par.,89800000.0
1889,Fox,128300000.0
1890,Fox,177400000.0
1891,WB,153600000.0
1892,BV,123100000.0
1893,Fox,89300000.0
1894,Par.,163000000.0
1895,Fox,81700000.0
1896,LG/S,130199999.0
1897,Uni.,184300000.0
1898,W/Dim.,76300000.0
1899,WGUSA,1200000.0
1900,WGUSA,1300000.0
1901,Fox,130199999.0
1902,Sony,78700000.0
1903,Par.,150400000.0
1904,Fox,110800000.0
1905,Fox,85900000.0
1906,CL,1300000.0
1907,Uni.,81500000.0
1908,BV,93400000.0
1909,Uni.,43500000.0
1910,Uni.,161200000.0
1911,WB,75800000.0
1912,WB,47400000.0
1913,WB (NL),109800000.0
1914,Fox,56100000.0
1915,BV,72300000.0
1916,WB,53900000.0
1917,Wein.,54100000.0
1918,Sony,80100000.0
1919,LG/S,27400000.0
1920,WGUSA,229000.0
1921,Uni.,110200000.0
1922,CL,1400000.0
1923,WB,28800000.0
1924,Par.,70300000.0
1925,WB,35100000.0
1926,Sony,211000.0
1927,WB,66000000.0
1928,LGP,74100.0
1929,Uni.,17200000.0
1930,Focus,52200000.0
1931,WB,90400000.0
1932,WB,45400000.0
1933,Sony,71000000.0
1934,LGF,19400000.0
1935,Uni.,87000000.0
1936,WB (NL),58900000.0
1937,Sony,31600000.0
1938,Fox,56500000.0
1939,WB,62600000.0
1940,CL,131000.0
1941,Uni.,65200000.0
1942,ORF,45100000.0
1943,Fox,47400000.0
1944,WB,25000000.0
1945,Wein.,52400000.0
1946,FoxS,33100000.0
1947,Fox,32000000.0
1948,LGF,46900000.0
1949,Fox,22500000.0
1950,SGem,64500000.0
1951,Par.,18300000.0
1952,Uni.,31100000.0
1953,EC,16000000.0
1954,WB,26500000.0
1955,TriS,67800000.0
1956,LGF,42600000.0
1957,Focus,11100000.0
1958,Uni.,32500000.0
1959,Fox,37400000.0
1960,FoxS,38300000.0
1961,FUN,8000000.0
1962,Wein.,33299999.0
1963,Uni.,42700000.0
1964,TriS,10100000.0
1965,SGem,57000000.0
1966,STX,43800000.0
1967,Wein.,27300000.0
1968,Focus,27700000.0
1969,FIP,4400000.0
1970,Uni.,35400000.0
1971,Sony,43000000.0
1972,WB (NL),34600000.0
1973,MBox,944000.0
1974,CJ,697000.0
1975,AR,
1976,WB,32400000.0
1977,Rela.,26500000.0
1978,Sony,34500000.0
1979,LGF,7700000.0
1980,SPC,378000.0
1981,BV,44500000.0
1982,WB,42700000.0
1983,SPC,18800000.0
1984,LGF,34000000.0
1985,Uni.,1900000.0
1986,WB (NL),22800000.0
1987,LGF,26300000.0
1988,SPC,10000000.0
1989,TriS,26800000.0
1990,Wein.,12700000.0
1991,Rela.,25800000.0
1992,WB,4200000.0
1993,BG,29500000.0
1994,A24,25400000.0
1995,Wein.,13700000.0
1996,A24,14700000.0
1997,STX,20200000.0
1998,Uni.,17800000.0
1999,Fox,5800000.0
2000,Par.,22300000.0
2001,Focus,12300000.0
2002,FoxS,12200000.0
2003,RAtt.,17700000.0
2004,RAtt.,12600000.0
2005,SPC,4000000.0
2006,LGF,14400000.0
2007,SPC,3100000.0
2008,Sony,21100000.0
2009,TFA,20400.0
2010,WB,12200000.0
2011,Par.,6700.0
2012,ORF,10700000.0
2013,CL,287000.0
2014,Rela.,21600000.0
2015,Uni.,8000000.0
2016,ORF,17500000.0
2017,FIP,614000.0
2018,A24,7600000.0
2019,BV,16399999.0
2020,Wein.,1100000.0
2021,Par.,3700000.0
2022,Focus,4700000.0
2023,RTWC,14700000.0
2024,Fox,10200000.0
2025,PFR,13000000.0
2026,PFR,14400000.0
2027,BV,12400000.0
2028,Par.,12300000.0
2029,LG/S,1200000.0
2030,WB,3600000.0
2031,BST,5600000.0
2032,WGUSA,130000.0
2033,FCW,558000.0
2034,ORF,6000000.0
2035,Wein.,174000.0
2036,Wein.,46400.0
2037,LGF,9100000.0
2038,FoxS,6800000.0
2039,A24,8400000.0
2040,FIP,522000.0
2041,BST,7900000.0
2042,Eros,8199999.0
2043,BST,7400000.0
2044,BH Tilt,7200000.0
2045,SPC,7000000.0
2046,WB,7000000.0
2047,BSC,6700000.0
2048,Eros,6600000.0
2049,ORF,6500000.0
2050,U/P,3500000.0
2051,Par.,3800000.0
2052,BST,2400000.0
2053,Magn.,176000.0
2054,FIP,45000.0
2055,UTV,4900000.0
2056,UHE,1700000.0
2057,FCW,17500.0
2058,FoxS,4700000.0
2059,FIP,154000.0
2060,FIP,235000.0
2061,IFC,4200000.0
2062,RTWC,196000.0
2063,LGF,3600000.0
2064,BG,3400000.0
2065,Uni.,538000.0
2066,IFC,819000.0
2067,IFC,3200000.0
2068,SPC,561000.0
2069,Eros,3100000.0
2070,LGF,3100000.0
2071,EOne,547000.0
2072,Eros,3000000.0
2073,ORF,3000000.0
2074,A24,3000000.0
2075,Par.,2600000.0
2076,FoxS,2700000.0
2077,FoxS,2700000.0
2078,RAtt.,2700000.0
2079,SPC,2500000.0
2080,FoxS,2500000.0
2081,Uni.,2200000.0
2082,MBox,54000.0
2083,IFC,7700.0
2084,UTV,2100000.0
2085,CLF,2000000.0
2086,WGUSA,1900000.0
2087,IFC,1900000.0
2088,SPC,1800000.0
2089,Yash,1800000.0
2090,LGF,1800000.0
2091,SPC,1800000.0
2092,FR,410000.0
2093,RAtt.,1300000.0
2094,SPC,1500000.0
2095,AaF,1400000.0
2096,SPC,1400000.0
2097,BG,1400000.0
2098,Eros,1400000.0
2099,SPC,1300000.0
2100,FCW,351000.0
2101,Magn.,1300000.0
2102,Magn.,1300000.0
2103,CJ,1200000.0
2104,RTWC,1200000.0
2105,Focus,1200000.0
2106,RAtt.,1200000.0
2107,RAtt.,1200000.0
2108,Orch.,704000.0
2109,Cohen,1100000.0
2110,Orch.,1000000.0
2111,FCW,1000000.0
2112,PH,1000000.0
2113,MBox,988000.0
2114,Elev.,920000.0
2115,Eros,919000.0
2116,UTV,892000.0
2117,Cohen,845000.0
2118,SPC,794000.0
2119,IFC,673000.0
2120,IFC,744000.0
2121,Magn.,702000.0
2122,SPC,695000.0
2123,IFC,661000.0
2124,WGUSA,633000.0
2125,Ampl.,623000.0
2126,Alc,609000.0
2127,PBS,517000.0
2128,Yash,579000.0
2129,LGF,573000.0
2130,GK,561000.0
2131,Eros,535000.0
2132,Elev.,524000.0
2133,SD,498000.0
2134,UTV,490000.0
2135,CL,482000.0
2136,CL,463000.0
2137,FIP,451000.0
2138,FUN,450000.0
2139,Rialto,449000.0
2140,SPC,429000.0
2141,SHO,426000.0
2142,Abr.,421000.0
2143,CL,418000.0
2144,Grav.,410000.0
2145,Osci.,377000.0
2146,Gathr,370000.0
2147,UTV,365000.0
2148,GK,355000.0
2149,AF,353000.0
2150,Asp.,347000.0
2151,WGUSA,338000.0
2152,Eros,325000.0
2153,KL,322000.0
2154,IFC,316000.0
2155,CL,311000.0
2156,FUN,306000.0
2157,FM,283000.0
2158,Magn.,282000.0
2159,Strand,282000.0
2160,Cohen,278000.0
2161,Cohen,260000.0
2162,Alc,249000.0
2163,Eros,236000.0
2164,CJ,235000.0
2165,A24,229000.0
2166,ADC,228000.0
2167,Magn.,223000.0
2168,Rel.,223000.0
2169,CL,213000.0
2170,A24,209000.0
2171,Abr.,206000.0
2172,MBox,192000.0
2173,Drft.,191000.0
2174,CL,189000.0
2175,RAtt.,188000.0
2176,RAtt.,187000.0
2177,CJ,185000.0
2178,CJ,185000.0
2179,Gold.,173000.0
2180,Gold.,172000.0
2181,IFC,167000.0
2182,WGUSA,165000.0
2183,CJ,164000.0
2184,CL,163000.0
2185,IFC,163000.0
2186,Free,162000.0
2187,FM,159000.0
2188,Magn.,156000.0
2189,Rela.,155000.0
2190,BG,152000.0
2191,Drft.,151000.0
2192,CL,150000.0
2193,Cohen,147000.0
2194,Gold.,145000.0
2195,IFC,143000.0
2196,Rialto,138000.0
2197,CJ,136000.0
2198,KL,135000.0
2199,A24,131000.0
2200,CL,127000.0
2201,SM,126000.0
2202,RAtt.,121000.0
2203,IFC,119000.0
2204,AZ,116000.0
2205,LGP,112000.0
2206,WGUSA,111000.0
2207,Drft.,109000.0
2208,WGUSA,108000.0
2209,CJ,105000.0
2210,SM,104000.0
2211,FUN,101000.0
2212,Alc,101000.0
2213,Jan.,96600.0
2214,UEP,92700.0
2215,Rialto,91900.0
2216,Ampl.,91300.0
2217,IFC,91200.0
2218,Eros,88700.0
2219,Magn.,88100.0
2220,RTWC,80700.0
2221,Orch.,79800.0
2222,Osci.,73400.0
2223,VE,68400.0
2224,TFA,67000.0
2225,BG,65500.0
2226,IFC,64500.0
2227,CL,63700.0
2228,MBox,61600.0
2229,CL,61600.0
2230,Strand,60800.0
2231,CGld,60200.0
2232,KL,60100.0
2233,BG,58700.0
2234,CL,54100.0
2235,ITL,41100.0
2236,CJ,50200.0
2237,LGP,50100.0
2238,TA,49700.0
2239,Grav.,46900.0
2240,RAtt.,45900.0
2241,IFC,44900.0
2242,Alc,44200.0
2243,MR,42900.0
2244,KL,42200.0
2245,BBC,41300.0
2246,CJ,40500.0
2247,Osci.,40100.0
2248,Gold.,38300.0
2249,RTWC,37200.0
2250,Distrib.,37100.0
2251,LGP,36300.0
2252,KL,36200.0
2253,FRun,36000.0
2254,WGUSA,34900.0
2255,KL,34400.0
2256,TFA,32299.0
2257,CJ,32200.0
2258,CFilms,31500.0
2259,Part.,30400.0
2260,Cohen,29500.0
2261,Strand,28100.0
2262,Drft.,27200.0
2263,EC,24600.0
2264,Magn.,24300.0
2265,Distrib.,23100.0
2266,Zeit.,22900.0
2267,CJ,22500.0
2268,IFC,22100.0
2269,Magn.,21100.0
2270,Magn.,18200.0
2271,CJ,18000.0
2272,Alc,17500.0
2273,FRun,16800.0
2274,LGP,16800.0
2275,Wein.,16700.0
2276,Drft.,16600.0
2277,Free,14900.0
2278,IFC,13900.0
2279,FM,13700.0
2280,KL,12300.0
2281,MBox,11900.0
2282,FM,11700.0
2283,KL,11000.0
2284,CJ,10700.0
2285,FOR,10200.0
2286,Trib.,9500.0
2287,IFC,9200.0
2288,FM,9000.0
2289,MR,9000.0
2290,Free,8900.0
2291,Free,8200.0
2292,KL,8000.0
2293,Distrib.,7400.0
2294,IFC,6900.0
2295,FR,6800.0
2296,KL,6400.0
2297,MBox,6300.0
2298,A24,6100.0
2299,Distrib.,5600.0
2300,Trib.,5300.0
2301,Magn.,5200.0
2302,IFC,4700.0
2303,TAFC,4600.0
2304,TFA,4600.0
2305,KL,4500.0
2306,Strand,4500.0
2307,Orch.,4400.0
2308,CJ,4400.0
2309,Strand,3600.0
2310,FRun,3600.0
2311,Gold.,3500.0
2312,Strand,3200.0
2313,Icar.,3200.0
2314,Magn.,2200.0
2315,FM,1500.0
2316,Magn.,1200.0
2317,Distrib.,900.0
2318,Magn.,800.0
2319,BWP,700.0
2320,KL,700.0
2321,FM,300.0
2322,BV,408100000.0
2323,BV,532200000.0
2324,BV,486300000.0
2325,BV,341300000.0
2326,BV,364000000.0
2327,Uni.,368400000.0
2328,WB,330400000.0
2329,WB,234000000.0
2330,Fox,363100000.0
2331,WB,325100000.0
2332,BV,232600000.0
2333,BV,248800000.0
2334,Uni.,270400000.0
2335,Sony,3200000.0
2336,Fox,155400000.0
2337,Fox,143500000.0
2338,LG/S,151100000.0
2339,Uni.,47400000.0
2340,Uni.,162400000.0
2341,Fox,64099999.0
2342,Fox,103100000.0
2343,FR,32800.0
2344,WB,126600000.0
2345,Sony,107500000.0
2346,Fox,153700000.0
2347,Par.,158800000.0
2348,LG/S,65099999.0
2349,WB (NL),102500000.0
2350,Sony,100000000.0
2351,UTV,12400000.0
2352,BV,77000000.0
2353,Fox,87200000.0
2354,Par.,82100000.0
2355,Fox,54600000.0
2356,WB,125100000.0
2357,Fox,169600000.0
2358,Sony,128400000.0
2359,Sony,34300000.0
2360,WB (NL),127400000.0
2361,Uni.,24300000.0
2362,WB (NL),56200000.0
2363,Focus,62500000.0
2364,Par.,100500000.0
2365,CL,710000.0
2366,STX,113300000.0
2367,WB,72700000.0
2368,BV,55500000.0
2369,LG/S,66200000.0
2370,LGF,67200000.0
2371,Uni.,75400000.0
2372,WGUSA,800000.0
2373,Uni.,48400000.0
2374,Sony,93400000.0
2375,Par.,58700000.0
2376,SGem,89200000.0
2377,WGUSA,2700000.0
2378,WB,86300000.0
2379,LG/S,31200000.0
2380,WB (NL),67300000.0
2381,BV,76200000.0
2382,Sony,97700000.0
2383,Wein.,51700000.0
2384,CL,474000.0
2385,LG/S,21200000.0
2386,Uni.,91200000.0
2387,LG/S,61400000.0
2388,Par.,40100000.0
2389,Sony,55100000.0
2390,Uni.,79200000.0
2391,Fox,60300000.0
2392,CL,
2393,Par.,54800000.0
2394,WB (NL),46800000.0
2395,Par.,72100000.0
2396,Sony,34900000.0
2397,Uni.,55500000.0
2398,WGUSA,561000.0
2399,EOne,1300000.0
2400,LGF,35600000.0
2401,Par.,26400000.0
2402,TriS,41000000.0
2403,Uni.,59700000.0
2404,WB (NL),31000000.0
2405,WGUSA,2100000.0
2406,Yash,6200000.0
2407,WB,43000000.0
2408,LGF,38600000.0
2409,Uni.,35100000.0
2410,RAtt.,47700000.0
2411,Uni.,63300000.0
2412,FUN,1900000.0
2413,Fox,46000000.0
2414,LGF,73200000.0
2415,TriS,61700000.0
2416,WGUSA,437000.0
2417,Focus,48000000.0
2418,Par.,52900000.0
2419,A24,27900000.0
2420,Par.,57700000.0
2421,STX,35800000.0
2422,Uni.,30500000.0
2423,WB,36300000.0
2424,AR,350000.0
2425,EC,19700000.0
2426,Par.,28800000.0
2427,WB (NL),54000000.0
2428,BV,27600000.0
2429,CJ,597000.0
2430,LGF,31900000.0
2431,Par.,27400000.0
2432,ORF,32500000.0
2433,JBG,467000.0
2434,Elev.,257000.0
2435,Focus,3700000.0
2436,Fox,15800000.0
2437,Sony,36900000.0
2438,LGF,20800000.0
2439,LGF,11100000.0
2440,Uni.,42200000.0
2441,A24,25100000.0
2442,LG/S,8000000.0
2443,LG/S,14700000.0
2444,FoxS,4800000.0
2445,LGF,27000000.0
2446,Focus,26600000.0
2447,ORF,21600000.0
2448,TriS,1700000.0
2449,SGem,29700000.0
2450,Focus,10700000.0
2451,Fox,14900000.0
2452,FIP,4300000.0
2453,Yash,2300000.0
2454,FIP,1800000.0
2455,BV,12500000.0
2456,Sony,6900000.0
2457,Focus,19200000.0
2458,STX,20800000.0
2459,Imax,15500000.0
2460,PFR,20800000.0
2461,Par.,7100000.0
2462,LGF,20000000.0
2463,ORF,12600000.0
2464,Par.,23100000.0
2465,BST,5900000.0
2466,WB,10400000.0
2467,SPC,1500000.0
2468,LGP,
2469,ORF,11700000.0
2470,WB (NL),20600000.0
2471,FIP,201000.0
2472,STX,14400000.0
2473,LGF,18700000.0
2474,BST,18700000.0
2475,BG,17800000.0
2476,W/Dim.,55000.0
2477,FIP,1600000.0
2478,Rela.,17400000.0
2479,LGF,17100000.0
2480,STX,9300000.0
2481,SGem,10900000.0
2482,BG,15400000.0
2483,FIP,2600000.0
2484,HTR,50300.0
2485,WGUSA,75500.0
2486,RAtt.,14400000.0
2487,Fox,3000000.0
2488,RAtt.,14000000.0
2489,FoxS,14000000.0
2490,Wein.,3200000.0
2491,EC,6900000.0
2492,Focus,7800000.0
2493,Abr.,2900000.0
2494,IFC,3900000.0
2495,PNT,11500000.0
2496,BH Tilt,10800000.0
2497,RAtt.,3200000.0
2498,LGF,9700000.0
2499,BV,8900000.0
2500,EC,3500000.0
2501,Focus,8800000.0
2502,Fox,3900000.0
2503,A24,8700000.0
2504,FM,54100.0
2505,IFC,57000.0
2506,FoxS,2000000.0
2507,RAtt.,6300000.0
2508,Focus,6500000.0
2509,BH Tilt,4800000.0
2510,ORF,3800000.0
2511,WB,3700000.0
2512,Sony,13500.0
2513,IFC,10500.0
2514,Sony,78600.0
2515,RAtt.,1400000.0
2516,A24,5700000.0
2517,Orch.,5200000.0
2518,ORF,5100000.0
2519,Wein.,4700000.0
2520,Drft.,30200.0
2521,SPC,4300000.0
2522,RAtt.,4200000.0
2523,A24,4200000.0
2524,BST,4099999.0
2525,RAtt.,3400000.0
2526,CineGalaxy,3900000.0
2527,Fox,3700000.0
2528,Drft.,3800000.0
2529,Fathom,3800000.0
2530,FIP,219000.0
2531,MBox,3500000.0
2532,SPC,2600000.0
2533,Par.,3400000.0
2534,SPC,3400000.0
2535,EOne,13100.0
2536,A24,3200000.0
2537,SPC,3200000.0
2538,PNT,3100000.0
2539,STX,2000000.0
2540,BST,3000000.0
2541,PFR,2400000.0
2542,Sony,650000.0
2543,Rela.,2400000.0
2544,Relbig.,2400000.0
2545,SPC,2300000.0
2546,BST,2200000.0
2547,A24,33300.0
2548,PFR,2100000.0
2549,BG,2000000.0
2550,Magn.,2000000.0
2551,FoxS,2000000.0
2552,A24,663000.0
2553,PNT,1700000.0
2554,IFC,14000.0
2555,IFC,1700000.0
2556,Zee,1100000.0
2557,SPC,1600000.0
2558,Wein.,1500000.0
2559,SPC,1500000.0
2560,BG,1300000.0
2561,Osci.,1300000.0
2562,Eros,1300000.0
2563,UTV,1300000.0
2564,Ampl.,1200000.0
2565,Orch.,1200000.0
2566,Men.,1100000.0
2567,Osci.,47300.0
2568,Relbig.,1100000.0
2569,YFG,1100000.0
2570,IFC,1100000.0
2571,MBox,1100000.0
2572,BST,1100000.0
2573,CJ,1000000.0
2574,Eros,982000.0
2575,SPC,941000.0
2576,Orch.,939000.0
2577,Gaatri,898000.0
2578,Eros,858000.0
2579,Eros,813000.0
2580,WGUSA,787000.0
2581,CL,780000.0
2582,WB,765000.0
2583,Magn.,703000.0
2584,Eros,701000.0
2585,IFC,678000.0
2586,IFC,641000.0
2587,A24,638000.0
2588,Gathr,629000.0
2589,Magn.,614000.0
2590,Magn.,595000.0
2591,FCW,572000.0
2592,WGUSA,569000.0
2593,BG,566000.0
2594,FR,561000.0
2595,W/Dim.,
2596,LGF,544000.0
2597,CJ,542000.0
2598,UTV,529000.0
2599,Magn.,527000.0
2600,Cohen,497000.0
2601,FUN,491000.0
2602,IFC,477000.0
2603,SPC,468000.0
2604,GK,453000.0
2605,UTV,438000.0
2606,SPC,435000.0
2607,IFC,388000.0
2608,Mon,377000.0
2609,CL,356000.0
2610,Eros,352000.0
2611,Magn.,346000.0
2612,Rel.,332000.0
2613,MBox,307000.0
2614,MBox,303000.0
2615,GK,295000.0
2616,KL,295000.0
2617,Cohen,288000.0
2618,Vita.,286000.0
2619,VE,270000.0
2620,Magn.,269000.0
2621,SM,263000.0
2622,IFC,262000.0
2623,Orch.,255000.0
2624,A24,243000.0
2625,Drft.,232000.0
2626,GK,223000.0
2627,UTV,204000.0
2628,Sony,182000.0
2629,Magn.,178000.0
2630,Magn.,177000.0
2631,CJ,176000.0
2632,Orch.,164000.0
2633,Cohen,160000.0
2634,Magn.,160000.0
2635,EOne,152000.0
2636,MBox,150000.0
2637,Cohen,149000.0
2638,SM,135000.0
2639,MBox,128000.0
2640,PM&E,126000.0
2641,KL,125000.0
2642,Magn.,123000.0
2643,KL,121000.0
2644,FM,121000.0
2645,WGUSA,120000.0
2646,IFC,119000.0
2647,KL,112000.0
2648,BWP,108000.0
2649,CZ,105000.0
2650,Icar.,105000.0
2651,Strand,100000.0
2652,Eros,98900.0
2653,CJ,97500.0
2654,CL,96400.0
2655,CL,92400.0
2656,Ghop,90500.0
2657,CL,89300.0
2658,FM,88000.0
2659,Magn.,86000.0
2660,KL,82900.0
2661,CL,82800.0
2662,Cleopatra,82700.0
2663,Cohen,80800.0
2664,UTV,76900.0
2665,A24,12500.0
2666,IFC,71900.0
2667,CJ,71800.0
2668,BG,67500.0
2669,CJ,67100.0
2670,Rialto,66100.0
2671,Scre.,63800.0
2672,CJ,59400.0
2673,Dreamwest,57800.0
2674,CJ,56600.0
2675,Osci.,55800.0
2676,Magn.,55500.0
2677,W/Dim.,55000.0
2678,Cohen,54200.0
2679,Pala.,53400.0
2680,MBox,52800.0
2681,Strand,52700.0
2682,Grav.,52500.0
2683,CJ,52000.0
2684,Strand,52000.0
2685,IFC,51900.0
2686,CJ,50800.0
2687,Distrib.,50300.0
2688,Magn.,50300.0
2689,SDS,50200.0
2690,KL,50100.0
2691,Drft.,45300.0
2692,CJ,44300.0
2693,WGUSA,44000.0
2694,Eros,43400.0
2695,Strand,42200.0
2696,FRun,29500.0
2697,Cohen,37800.0
2698,Linn,35800.0
2699,Strand,35300.0
2700,KL,34800.0
2701,FCW,34700.0
2702,GK,34400.0
2703,CL,34300.0
2704,Strand,34300.0
2705,FRun,34200.0
2706,CJ,34000.0
2707,Ghop,32200.0
2708,IFC,32200.0
2709,Scre.,32000.0
2710,KL,31000.0
2711,KL,30600.0
2712,Strand,30200.0
2713,CL,30100.0
2714,CJ,29300.0
2715,Strand,28600.0
2716,Electric,27100.0
2717,KL,26700.0
2718,Jampa,26700.0
2719,Cohen,26100.0
2720,Strand,25700.0
2721,CL,25400.0
2722,KL,25300.0
2723,MBox,24900.0
2724,IFC,24800.0
2725,Ghop,24500.0
2726,FR,24100.0
2727,Eros,22100.0
2728,FCW,21300.0
2729,A24,20400.0
2730,CZ,18100.0
2731,Scre.,15700.0
2732,FRun,14900.0
2733,CJ,14800.0
2734,A24,13200.0
2735,FM,12800.0
2736,Magn.,12500.0
2737,Strand,12500.0
2738,Zeit.,11700.0
2739,EpicPics,11300.0
2740,KL,10300.0
2741,MR,9000.0
2742,FR,8900.0
2743,Magn.,8900.0
2744,A24,8300.0
2745,FM,8100.0
2746,Crnth,7600.0
2747,BBC,7500.0
2748,Crnth,6200.0
2749,Drft.,5700.0
2750,FCW,4600.0
2751,Distrib.,3100.0
2752,Distrib.,1600.0
2753,Distrib.,800.0
2754,Distrib.,800.0
2755,Distrib.,700.0
2756,KL,300.0
2757,Magn.,300.0
2758,BV,620200000.0
2759,BV,504000000.0
2760,Uni.,226000000.0
2761,Uni.,264600000.0
2762,Sony,404500000.0
2763,Sony,334200000.0
2764,HC,2700000.0
2765,BV,389800000.0
2766,BV,315100000.0
2767,WB,412600000.0
2768,BV,209700000.0
2769,BV,172600000.0
2770,WB (NL),327500000.0
2771,WB,229000000.0
2772,Fox,226300000.0
2773,Par.,130199999.0
2774,WB,168100000.0
2775,Fox,175000000.0
2776,WB,188000000.0
2777,Fox,146900000.0
2778,Fox,174300000.0
2779,Fox,100200000.0
2780,Uni.,80200000.0
2781,BV,152900000.0
2782,Uni.,114600000.0
2783,FUN,5000000.0
2784,Fox,102800000.0
2785,Par.,44900000.0
2786,Uni.,45500000.0
2787,SGem,26800000.0
2788,WB,175800000.0
2789,WB (NL),102100000.0
2790,LGF,132400000.0
2791,Fox,84400000.0
2792,Uni.,138300000.0
2793,WB,92100000.0
2794,Uni.,176000000.0
2795,WGUSA,363000.0
2796,GrtIndia,20200000.0
2797,Sony,880000.0
2798,Fox,74300000.0
2799,TriS,107800000.0
2800,STX,41200000.0
2801,WB,33700000.0
2802,Sony,86100000.0
2803,Uni.,64500000.0
2804,Sony,45000000.0
2805,FoxS,63900000.0
2806,Uni.,104900000.0
2807,Par.,104000000.0
2808,Fox,81900000.0
2809,Par.,58100000.0
2810,LG/S,75500000.0
2811,LG/S,92000000.0
2812,Par.,40600000.0
2813,FoxS,54500000.0
2814,CL,472000.0
2815,Focus,56500000.0
2816,WB,39200000.0
2817,STX,34400000.0
2818,LGF,85400000.0
2819,Uni.,115200000.0
2820,Uni.,51300000.0
2821,STX,72100000.0
2822,Fox,73900000.0
2823,Uni.,55700000.0
2824,WB,59300000.0
2825,,
2826,Sony,50700000.0
2827,CL,293000.0
2828,Wein.,21900000.0
2829,LGF,38100000.0
2830,WGUSA,218000.0
2831,Sony,30200000.0
2832,Focus,51700000.0
2833,LG/S,57400000.0
2834,CL,100000.0
2835,Yash,5600000.0
2836,WB (NL),45000000.0
2837,Par.,27800000.0
2838,WGUSA,1500000.0
2839,SGem,30400000.0
2840,A24,49000000.0
2841,LGF,36200000.0
2842,FUN,424000.0
2843,Focus,22200000.0
2844,ORF,28400000.0
2845,Par.,33400000.0
2846,Fox,30300000.0
2847,Sony,40900000.0
2848,PNT,32100000.0
2849,WB,34100000.0
2850,Fox,45900000.0
2851,LGF,21900000.0
2852,STX,28800000.0
2853,TriS,25100000.0
2854,LGF,42900000.0
2855,CJ,476000.0
2856,Par.,24400000.0
2857,Neon,30000000.0
2858,BST,27800000.0
2859,LGF,47300000.0
2860,Focus,21200000.0
2861,Sony,22100000.0
2862,CJ,1100000.0
2863,Sony,16900000.0
2864,LG/S,44900000.0
2865,Par.,17800000.0
2866,ENTMP,44300000.0
2867,Uni.,6700000.0
2868,FoxS,24800000.0
2869,Good Deed,6700000.0
2870,SPC,18100000.0
2871,TriS,2400000.0
2872,WB (NL),32200000.0
2873,Fox,20700000.0
2874,WB (NL),25600000.0
2875,ParC,5900.0
2876,Wein.,33800000.0
2877,ORF,20800000.0
2878,Aviron,31000000.0
2879,A24,21100000.0
2880,ENTMP,29800000.0
2881,Focus,10700000.0
2882,ORF,27000000.0
2883,FIP,1400000.0
2884,WB,18600000.0
2885,STX,22400000.0
2886,Fox,8100000.0
2887,Focus,17600000.0
2888,Sony,18300000.0
2889,WB,17500000.0
2890,FIP,2000000.0
2891,BV,13900000.0
2892,Wein.,12800000.0
2893,FIP,1700000.0
2894,LGF,17300000.0
2895,Elev.,1500000.0
2896,STX,20500000.0
2897,A24,14000000.0
2898,BST,8600000.0
2899,WB,11400000.0
2900,PFR,14700000.0
2901,Annapurna,16800000.0
2902,Amazon,1400000.0
2903,Wein.,7200000.0
2904,STX,7900000.0
2905,BG,14300000.0
2906,FoxS,3900000.0
2907,Sony,12000000.0
2908,Sony,759000.0
2909,FoxS,12600000.0
2910,ORF,8199999.0
2911,ORF,12200000.0
2912,BBC,81300.0
2913,Uni.,9500000.0
2914,LG/S,9400000.0
2915,FoxS,2700000.0
2916,FR,211000.0
2917,RAtt.,4200000.0
2918,Wein.,2500000.0
2919,IFC,1100000.0
2920,W/Dim.,700.0
2921,BG,6100000.0
2922,RAtt.,7100000.0
2923,Magn.,7100000.0
2924,SPC,922000.0
2925,IFC,47700.0
2926,SPC,6200000.0
2927,Affirm,5800000.0
2928,A24,5900000.0
2929,Par.,5800000.0
2930,BST,5700000.0
2931,SPC,5600000.0
2932,FIP,468000.0
2933,FIP,356000.0
2934,Par.,3500000.0
2935,FoxS,3600000.0
2936,ORF,2300000.0
2937,RAtt.,1800000.0
2938,SPC,769000.0
2939,Distrib.,1000000.0
2940,Annapurna,2100000.0
2941,ENTMP,3800000.0
2942,STX,3600000.0
2943,RAtt.,1100000.0
2944,SPC,3200000.0
2945,FCW,515000.0
2946,Neon,3000000.0
2947,FIP,410000.0
2948,Imax,1500000.0
2949,Osci.,2800000.0
2950,RAtt.,624000.0
2951,PNT,2500000.0
2952,Sony,97000.0
2953,Cohen,2400000.0
2954,Fathom,2400000.0
2955,Scre.,2300000.0
2956,PNT,2200000.0
2957,A24,2000000.0
2958,PNT,1900000.0
2959,WGUSA,1900000.0
2960,CL,1900000.0
2961,LGF,965000.0
2962,MBox,1900000.0
2963,A24,1800000.0
2964,BST,1800000.0
2965,Magn.,528000.0
2966,Abr.,1700000.0
2967,A24,1600000.0
2968,Magn.,1500000.0
2969,FoxS,800000.0
2970,RAtt.,1400000.0
2971,IFC,1300000.0
2972,Cohen,1300000.0
2973,CBS,1300000.0
2974,PNT,1200000.0
2975,MOM,14800.0
2976,RAtt.,1100000.0
2977,SPC,1000000.0
2978,SV,1000000.0
2979,Magn.,956000.0
2980,Cohen,954000.0
2981,Yash,930000.0
2982,MBox,881000.0
2983,Zeit.,820000.0
2984,Gathr,727000.0
2985,BG,123000.0
2986,Par.,692000.0
2987,Osci.,692000.0
2988,Eros,690000.0
2989,MBox,604000.0
2990,Wein.,156000.0
2991,FUN,519000.0
2992,CJ,507000.0
2993,Vita.,360000.0
2994,BST,490000.0
2995,BG,444000.0
2996,KL,378000.0
2997,Orion,336000.0
2998,GK,312000.0
2999,Elev.,310000.0
3000,GK,310000.0
3001,SPC,302000.0
3002,FM,272000.0
3003,IFC,263000.0
3004,IFC,260000.0
3005,Magn.,258000.0
3006,CJ,253000.0
3007,FUN,248000.0
3008,WGUSA,242000.0
3009,IFC,128000.0
3010,WGUSA,207000.0
3011,Jan.,184000.0
3012,FR,181000.0
3013,IFC,176000.0
3014,Abr.,174000.0
3015,FUN,172000.0
3016,Jan.,171000.0
3017,SPC,162000.0
3018,IFC,155000.0
3019,Scre.,151000.0
3020,Magn.,151000.0
3021,Orch.,147000.0
3022,Orch.,125000.0
3023,CL,123000.0
3024,Gold.,113000.0
3025,KL,113000.0
3026,Strand,107000.0
3027,CJ,105000.0
3028,Jan.,102000.0
3029,Grav.,101000.0
3030,Eros,99600.0
3031,WGUSA,96800.0
3032,CFI,96000.0
3033,WGUSA,91300.0
3034,CJ,91000.0
3035,FIP,84500.0
3036,Strand,81100.0
3037,KL,78000.0
3038,CJ,63200.0
3039,UTMW,62500.0
3040,CLS,60300.0
3041,Crimson,54200.0
3042,Strand,50500.0
3043,GK,48200.0
3044,CL,46800.0
3045,WGUSA,43100.0
3046,Osci.,41600.0
3047,Magn.,38700.0
3048,KL,37600.0
3049,FM,33400.0
3050,IFC,33100.0
3051,WGUSA,27700.0
3052,KL,26400.0
3053,CAVU,25300.0
3054,Magn.,22900.0
3055,EF,22800.0
3056,Abr.,21900.0
3057,GK,21800.0
3058,Arrow,21000.0
3059,WGUSA,20400.0
3060,WGUSA,20400.0
3061,ADC,20200.0
3062,FM,18400.0
3063,KL,15100.0
3064,WGUSA,14200.0
3065,Sony,14000.0
3066,VE,12500.0
3067,Strand,12400.0
3068,FR,11500.0
3069,Distrib.,8500.0
3070,VE,7800.0
3071,Strand,6600.0
3072,A24,5700.0
3073,FM,5600.0
3074,Sony,5500.0
3075,VE,4200.0
3076,Hiber,3600.0
3077,Distrib.,500.0
3078,Magn.,400.0
3079,BV,678800000.0
3080,BV,700100000.0
3081,Uni.,417700000.0
3082,BV,608600000.0
3083,WB,335100000.0
3084,Fox,216400000.0
3085,Sony,213500000.0
3086,Par.,220200000.0
3087,Fox,318500000.0
3088,WB,159600000.0
3089,BV,216600000.0
3090,WB,137700000.0
3091,WGUSA,1500000.0
3092,WB,2000000.0
3093,WB,145400000.0
3094,BV,201100000.0
3095,Sony,167500000.0
3096,Uni.,270600000.0
3097,Par.,127200000.0
3098,WB,215300000.0
3099,WB (NL),101000000.0
3100,Uni.,120600000.0
3101,BV,213800000.0
3102,Sony,190200000.0
3103,Uni.,100400000.0
3104,WB (NL),117500000.0
3105,LGF,706000.0
3106,Sony,115300000.0
3107,BV,172000000.0
3108,Par.,188000000.0
3109,Uni.,85100000.0
3110,Uni.,68400000.0
3111,WB,140200000.0
3112,Uni.,59900000.0
3113,Fox,58000000.0
3114,WB,58300000.0
3115,Uni.,159300000.0
3116,WB,174500000.0
3117,WB,40900000.0
3118,WB,83200000.0
3119,MGM,115700000.0
3120,BV,99200000.0
3121,Sony,102100000.0
3122,BV,54900000.0
3123,WB,103800000.0
3124,Uni.,67700000.0
3125,Fox,51000000.0
3126,Uni.,4400000.0
3127,Fox,46900000.0
3128,Uni.,69500000.0
3129,BV,100500000.0
3130,Uni.,68500000.0
3131,Par.,67400000.0
3132,LGF,36300000.0
3133,WB (NL),69200000.0
3134,WGUSA,187000.0
3135,Uni.,44900000.0
3136,Uni.,77300000.0
3137,Studio 8,35900000.0
3138,LGF,53500000.0
3139,FoxS,34400000.0
3140,Uni.,41400000.0
3141,STX,48800000.0
3142,Uni.,60300000.0
3143,Sony,46700000.0
3144,Focus,49300000.0
3145,PNT,50300000.0
3146,Par.,43200000.0
3147,LG/S,30800000.0
3148,Uni.,16000000.0
3149,WGUSA,747000.0
3150,STX,44900000.0
3151,A24,44100000.0
3152,WB (NL),54700000.0
3153,Annapurna,47800000.0
3154,Fox,42400000.0
3155,Sony,50100000.0
3156,SGem,26000000.0
3157,LGF,33600000.0
3158,STX,39300000.0
3159,FIP,7900000.0
3160,Par.,68600000.0
3161,WB,45800000.0
3162,Fox,40800000.0
3163,STX,36100000.0
3164,WB (NL),53100000.0
3165,FoxS,32000000.0
3166,STX,31400000.0
3167,WB,36300000.0
3168,LGF,8300000.0
3169,STX,35400000.0
3170,WB,29800000.0
3171,SGem,30600000.0
3172,Uni.,46800000.0
3173,Fox,6100000.0
3174,VPD,289000.0
3175,LG/S,42500000.0
3176,LGF,43500000.0
3177,Focus,16500000.0
3178,SGem,14800000.0
3179,Par.,21700000.0
3180,Fox,12700000.0
3181,Sony,30600000.0
3182,Global Road,17900000.0
3183,Focus,24600000.0
3184,CL,70800.0
3185,Sony,14800000.0
3186,Fox,29700000.0
3187,MGM,34000000.0
3188,Par.,31700000.0
3189,Fox,17800000.0
3190,FIP,1300000.0
3191,STX,20700000.0
3192,Global Road,9600000.0
3193,Sony,1700000.0
3194,VPD,127000.0
3195,Studio 8,24000000.0
3196,LGF,25100000.0
3197,IFC,8000000.0
3198,Aviron,24600000.0
3199,Affirm,17600000.0
3200,VPD,11800000.0
3201,SGem,20900000.0
3202,Sony,20500000.0
3203,Annapurna,14900000.0
3204,Trafalgar,4200000.0
3205,WGUSA,104000.0
3206,SPC,9600000.0
3207,LGF,11100000.0
3208,ENTMP,17400000.0
3209,WB,18000000.0
3210,NGE,17500000.0
3211,A24,548000.0
3212,Amazon,7600000.0
3213,LG/S,15800000.0
3214,Focus,9400000.0
3215,BH Tilt,8900000.0
3216,BH Tilt,12000000.0
3217,BST,7700000.0
3218,Annapurna,3100000.0
3219,Uni.,10800000.0
3220,Global Road,6700000.0
3221,Magn.,1400.0
3222,Sony,1300000.0
3223,Focus,6800000.0
3224,MBox,258000.0
3225,Greenwich,1600000.0
3226,FoxS,11300000.0
3227,STX,5000000.0
3228,CJ,94500.0
3229,LGF,5700000.0
3230,GK,35800.0
3231,LGF,9200000.0
3232,FoxS,8800000.0
3233,Focus,3300000.0
3234,Focus,2000000.0
3235,LGF,448000.0
3236,Amazon,2500000.0
3237,BST,3500000.0
3238,Spanglish,2600000.0
3239,Amazon,4099999.0
3240,BST,5000000.0
3241,Distrib.,37100.0
3242,Sony,390000.0
3243,ENTMP,6100000.0
3244,Orion,6100000.0
3245,BST,6000000.0
3246,FUN,5800000.0
3247,Annapurna,1500000.0
3248,Blue Fox,91000.0
3249,BST,5100000.0
3250,LG/S,4300000.0
3251,Amazon,4600000.0
3252,BST,2300000.0
3253,VE,4300000.0
3254,Scre.,29500.0
3255,Yash,330000.0
3256,PNT,4200000.0
3257,Amazon,1400000.0
3258,Aviron,1600000.0
3259,RAtt.,3700000.0
3260,Electric,3400000.0
3261,Cohen,200000.0
3262,Magn.,3300000.0
3263,Sony,2000000.0
3264,WB,3200000.0
3265,IFC,1100000.0
3266,PNT,2800000.0
3267,Amazon,2500000.0
3268,VE,1300.0
3269,SPC,2400000.0
3270,GK,2400000.0
3271,VE,491000.0
3272,SPC,2000000.0
3273,Fathom,1900000.0
3274,SPC,1700000.0
3275,LGF,1400.0
3276,RAtt.,1400000.0
3277,SPC,1300000.0
3278,SPC,1300000.0
3279,RLJ,1200000.0
3280,Eros,1200000.0
3281,A24,1200000.0
3282,Swen,1000000.0
3283,Eros,1000000.0
3284,Cohen,1000000.0
3285,EOne,990000.0
3286,IFC,725000.0
3287,FR,905000.0
3288,PackYourBag,901000.0
3289,Uni.,833000.0
3290,GK,813000.0
3291,RAtt.,800000.0
3292,Fathom,789000.0
3293,RAtt.,750000.0
3294,WGUSA,719000.0
3295,SPC,619000.0
3296,Fathom,616000.0
3297,Fathom,583000.0
3298,Eros,567000.0
3299,SPC,566000.0
3300,Fathom,550000.0
3301,GK,525000.0
3302,CJ,501000.0
3303,SPC,466000.0
3304,SPC,462000.0
3305,Gaum.,411000.0
3306,Fathom,394000.0
3307,FM,375000.0
3308,Greenwich,365000.0
3309,Grindstone,10000.0
3310,BST,260000.0
3311,Eros,250000.0
3312,Neon,231000.0
3313,Abr.,231000.0
3314,Fathom,221000.0
3315,Fathom,194000.0
3316,Osci.,186000.0
3317,Elev.,186000.0
3318,PackYourBag,182000.0
3319,CL,181000.0
3320,CJ,179000.0
3321,MBox,177000.0
3322,VPD,170000.0
3323,Cohen,168000.0
3324,IFC,149000.0
3325,Vita.,149000.0
3326,Conglomerate,147000.0
3327,Orch.,126000.0
3328,MBox,120000.0
3329,MUBI,117000.0
3330,WGUSA,115000.0
3331,CJ,112000.0
3332,Orch.,112000.0
3333,CJ,111000.0
3334,MBox,109000.0
3335,IFC,109000.0
3336,FM,108000.0
3337,Eros,104000.0
3338,Eros,103000.0
3339,Magn.,103000.0
3340,Neon,102000.0
3341,WGUSA,101000.0
3342,Darin Southa,93200.0
3343,FM,89300.0
3344,IFC,88000.0
3345,KL,83900.0
3346,Cohen,82300.0
3347,EOne,78000.0
3348,Eros,75900.0
3349,CJ,75100.0
3350,KL,74800.0
3351,OutF,73500.0
3352,Magn.,73300.0
3353,FM,43200.0
3354,Eros,72000.0
3355,Magn.,67600.0
3356,Super,52100.0
3357,FM,50900.0
3358,Super,46300.0
3359,Cohen,44300.0
3360,KL,44200.0
3361,IFC,41900.0
3362,CL,37700.0
3363,WGUSA,37100.0
3364,Distrib.,36400.0
3365,MBox,28300.0
3366,FM,26200.0
3367,Scre.,24300.0
3368,Strand,22100.0
3369,Uni.,22000.0
3370,KL,21600.0
3371,CL,20700.0
3372,Strand,18400.0
3373,Icar.,17800.0
3374,IFC,14000.0
3375,CARUSEL,13000.0
3376,CLS,12900.0
3377,Men.,12200.0
3378,PDF,11700.0
3379,Strand,11400.0
3380,CARUSEL,10000.0
3381,Osci.,8900.0
3382,Magn.,6200.0
3383,FM,4800.0
3384,Sony,2500.0
3385,Synergetic,2400.0
3386,Grav.,1700.0
